<!-- This is a generated file. It is highly recommended that you DO NOT edit this file. --><iq:manifest xmlns:iq="http://www.garmin.com/xml/connectiq" version="0">
    <iq:application entry="NightscoutWatchApp" id="e0c67dfff0f24f76b08cc3c2da5b70c1" launcherIcon="@Drawables.LauncherIcon" minSdkVersion="2.3.0" name="@Strings.AppName" type="watchface">
        <iq:products>
            <iq:product id="approachs60"/>
            <iq:product id="d2charlie"/>
            <iq:product id="d2delta"/>
            <iq:product id="d2deltapx"/>
            <iq:product id="d2deltas"/>
            <iq:product id="descentmk1"/>
            <iq:product id="fenix5"/>
            <iq:product id="fenix5plus"/>
            <iq:product id="fenix5s"/>
            <iq:product id="fenix5splus"/>
            <iq:product id="fenix5x"/>
            <iq:product id="fenix5xplus"/>
            <iq:product id="fenixchronos"/>
            <iq:product id="fr645"/>
            <iq:product id="fr645m"/>
            <iq:product id="fr735xt"/>
            <iq:product id="fr935"/>
            <iq:product id="vivoactive3"/>
            <iq:product id="vivoactive3m"/>
            <iq:product id="vivoactive_hr"/>
        </iq:products>
        <iq:permissions>
            <iq:uses-permission id="Background"/>
            <iq:uses-permission id="Communications"/>
        </iq:permissions>
        <iq:languages/>
    </iq:application>
</iq:manifest>
