<strings>
    <string id="AppName">NightscoutData2</string>
    <string id="nsurl">Online site URL (optional)</string>
    <string id="nsurlPrompt">Nightscout site, Sugarmate External JSON site, or yoursite?token=yourtoken</string>
    <string id="offlineUrl">Offline/local uploader URL (optional)</string>
    <string id="offlineUrlPrompt">Leave blank for xDrip+ and Spike, or your-offline-host:your-offline-port</string>
    <string id="bgDisplay">Display mode</string>
    <string id="bgDisplayPrompt">Display mode</string>
    <string id="bgDisplayFull">e.g.: 5m 141 -4 Down</string>
    <string id="bgDisplayNoTrend">e.g.: 5m 141 -4</string>
    <string id="bgDisplayNoDelta">e.g.: 5m 141 Down</string>
    <string id="bgDisplayNoElapsed">e.g.: 141 -4 Down</string>
    <string id="bgDisplayNoTrendDelta">e.g.: 5m 141</string>
    <string id="bgDisplayNoTrendElapsed">e.g.: 141 -4</string>
    <string id="bgDisplayNoDeltaElapsed">e.g.: 141 Down</string>
    <string id="bgDisplayBGOnly">e.g.: 141</string>
    <string id="bgDisplayBGElapsedRaw">e.g.: 5m 141 (raw)133</string>
    <string id="fitlabel">Title for data field</string>
    <string id="fitlabelPrompt">e.g., Nightscout (blank allows more room for data)</string>
    <string id="bg_graph_label">NightscoutData</string>
    <string id="bg_label">bg</string>
    <string id="bg_units">mgdl or mmol</string>
    <string id="syncAtSecond">Seconds past each 5 minutes of time to refresh BG data</string>
    <string id="syncAtSecondPrompt">Set between 0 and 299, -1 for auto-sync</string>
</strings>
