<strings>
    <string id="AppName">NightscoutWatch</string>
    <string id="nsurl">Nightscout site URL</string>
    <string id="nsurlPrompt">If using NS, yoursite.herokuapp.com</string>
    <string id="offlineUrl">Offline (local uploader) URL</string>
    <string id="offlineUrlPrompt">Leave blank for xdrip or spike, or your-offline-host:your-offline-port</string>
    <string id="fetchMode">Non-BG data mode</string>
    <string id="fetchModePrompt">Data to be fetched and displayed</string>
    <string id="fetchModeNormal">HR, steps, CA monitor</string>
    <string id="fetchModeNormalMin">Minimal display</string>
    <string id="fetchModeDevice">Pump, loop device data full</string>
    <string id="fetchModeDeviceMin1">Pump, loop, HR, steps</string>
    <string id="fetchModeDeviceMin2">Pump, loop minimal display</string>
    <string id="displaySeconds">Display seconds</string>
    <string id="displaySecondsPrompt">Seconds will not be available on some devices</string>
    <string id="bgDisplay">BG display mode</string>
    <string id="bgDisplayPrompt">Customize how your BG is displayed</string>
    <string id="bgDisplayNormal">Normal, use data source units</string>
    <string id="bgDisplayMGDL">mg/DL</string>
    <string id="bgDisplayMMOL">mmol</string>
    <string id="bgDisplayRoman">Roman numerals (mg/DL)</string>
    <string id="bgDisplayHEX">Hexadecimal (mg/DL)</string>
<!--    <string id="bgDisplayHex">hexadecimal (mg/DL)</string> -->
    <string id="bgDisplaySCIENTIFIC">Scientific notation (mg/DL)</string>
<!--    <string id="bgDisplayScientific">scientific notation (mg/DL)</string> -->
    <string id="bgDisplayZeroPad">Zero-padded (mg/DL)</string>
    <string id="bgDisplayVersion">Watchface version # (no BG)</string>
    <string id="fgColor">Foreground color</string>
    <string id="fgColorPrompt">Customize the color of your watchface</string>
    <string id="fgCOLOR_WHITE">White</string>
    <string id="fgCOLOR_LT_GRAY">Gray</string>
    <string id="fgCOLOR_DK_GRAY">Dark gray</string>
    <string id="fgCOLOR_BLACK">Black</string>
    <string id="fgCOLOR_RED">Red</string>
    <string id="fgCOLOR_DK_RED">Dark red</string>
    <string id="fgCOLOR_ORANGE">Orange</string>
    <string id="fgCOLOR_YELLOW">Yellow</string>
    <string id="fgCOLOR_GREEN">Green</string>
    <string id="fgCOLOR_DK_GREEN">Dark green</string>
    <string id="fgCOLOR_BLUE">Blue</string>
    <string id="fgCOLOR_DK_BLUE">Dark blue</string>
    <string id="fgCOLOR_PURPLE">Purple</string>
    <string id="fgCOLOR_PINK">Pink</string>
    <string id="fgCOLOR_RANDOM">Random</string>
    <string id="bgColor">Background color</string>
    <string id="bgColorPrompt">Customize the color of your watchface</string>
    <string id="watchBatThresh">Watch battery alert threshold (%)</string>
    <string id="watchBatThreshPrompt">Alerts are display only</string>
<!--
    <string id="loopTimeThresh">Time since last loop alert threshold (minutes)</string>
    <string id="loopTimeThreshPrompt">Alerts are display only</string>
    <string id="bgTimeThresh">Time since last BG reading alert threshold (minutes)</string>
    <string id="bgTimeThreshPrompt">Alerts are display only</string>
-->
    <string id="bgLowThresh">BG low alert threshold (mgdl)</string>
    <string id="bgLowThreshPrompt">Alerts are display only</string>
    <string id="bgHighThresh">BG high alert threshold (mgdl)</string>
    <string id="bgHighThreshPrompt">Alerts are display only</string>
    <string id="pumpBatThreshPct">Pump battery alert threshold (%)</string>
    <string id="pumpBatThreshPctPrompt">Alerts are display only</string>
    <string id="pumpBatThreshV">Pump battery alert threshold (volts)</string>
    <string id="pumpBatThreshVPrompt">Alerts are display only</string>
    <string id="upBatThresh">Uploader battery alert threshold (%)</string>
    <string id="upBatThreshPrompt">Alerts are display only</string>
    <string id="reservoirThresh">Reservoir alert threshold (insulin units)</string>
    <string id="reservoirThreshPrompt">Alerts are display only</string>
    <string id="cageThresh">Cannula age alert threshold (hours)</string>
    <string id="cageThreshPrompt">Alerts are display only</string>
</strings>
