<!-- This is a generated file. It is highly recommended that you DO NOT edit this file. --><iq:manifest xmlns:iq="http://www.garmin.com/xml/connectiq" version="1">
    <iq:application entry="CGMLoop" id="d9d42344999e49ba9d6cee348e700541" launcherIcon="@Drawables.LauncherIcon" minSdkVersion="1.3.0" name="@Strings.AppName" type="watch-app">
        <iq:products>
            <iq:product id="approachs60"/>
            <iq:product id="d2bravo"/>
            <iq:product id="d2bravo_titanium"/>
            <iq:product id="d2charlie"/>
            <iq:product id="d2delta"/>
            <iq:product id="d2deltapx"/>
            <iq:product id="d2deltas"/>
            <iq:product id="descentmk1"/>
            <iq:product id="edge1030"/>
            <iq:product id="edge1030bontrager"/>
            <iq:product id="edge520plus"/>
            <iq:product id="edge820"/>
            <iq:product id="edge_1000"/>
            <iq:product id="edge_520"/>
            <iq:product id="edgeexplore"/>
            <iq:product id="fenix3"/>
            <iq:product id="fenix3_hr"/>
            <iq:product id="fenix5"/>
            <iq:product id="fenix5plus"/>
            <iq:product id="fenix5s"/>
            <iq:product id="fenix5splus"/>
            <iq:product id="fenix5x"/>
            <iq:product id="fenix5xplus"/>
            <iq:product id="fenixchronos"/>
            <iq:product id="fr230"/>
            <iq:product id="fr235"/>
            <iq:product id="fr630"/>
            <iq:product id="fr645"/>
            <iq:product id="fr645m"/>
            <iq:product id="fr735xt"/>
            <iq:product id="fr920xt"/>
            <iq:product id="fr935"/>
            <iq:product id="gpsmap66"/>
            <iq:product id="oregon7xx"/>
            <iq:product id="rino7xx"/>
            <iq:product id="vivoactive"/>
            <iq:product id="vivoactive3"/>
            <iq:product id="vivoactive3m"/>
            <iq:product id="vivoactive_hr"/>
        </iq:products>
        <iq:permissions>
            <iq:uses-permission id="Communications"/>
        </iq:permissions>
        <iq:languages/>
    </iq:application>
</iq:manifest>
