<!-- This is a generated file. It is highly recommended that you DO NOT edit this file. --><iq:manifest xmlns:iq="http://www.garmin.com/xml/connectiq" version="0">
    <iq:application entry="NightscoutWatchApp" id="8f981ef1d5224c8294670441ee119a84" launcherIcon="@Drawables.LauncherIcon" minSdkVersion="2.3.0" name="@Strings.AppName" type="watchface">
        <iq:products>
            <iq:product id="approachs60"/>
            <iq:product id="approachs62"/>
            <iq:product id="d2air"/>
            <iq:product id="d2charlie"/>
            <iq:product id="d2delta"/>
            <iq:product id="d2deltapx"/>
            <iq:product id="d2deltas"/>
            <iq:product id="descentmk1"/>
            <iq:product id="descentmk2"/>
            <iq:product id="fenix5"/>
            <iq:product id="fenix5plus"/>
            <iq:product id="fenix5s"/>
            <iq:product id="fenix5splus"/>
            <iq:product id="fenix5x"/>
            <iq:product id="fenix5xplus"/>
            <iq:product id="fenix6"/>
            <iq:product id="fenix6pro"/>
            <iq:product id="fenix6s"/>
            <iq:product id="fenix6spro"/>
            <iq:product id="fenix6xpro"/>
            <iq:product id="fenixchronos"/>
            <iq:product id="fr245"/>
            <iq:product id="fr245m"/>
            <iq:product id="fr645"/>
            <iq:product id="fr645m"/>
            <iq:product id="fr745"/>
            <iq:product id="fr935"/>
            <iq:product id="fr945"/>
            <iq:product id="legacyherocaptainmarvel"/>
            <iq:product id="legacyherofirstavenger"/>
            <iq:product id="legacysagadarthvader"/>
            <iq:product id="legacysagarey"/>
            <iq:product id="marqadventurer"/>
            <iq:product id="marqathlete"/>
            <iq:product id="marqaviator"/>
            <iq:product id="marqcaptain"/>
            <iq:product id="marqcommander"/>
            <iq:product id="marqdriver"/>
            <iq:product id="marqexpedition"/>
            <iq:product id="marqgolfer"/>
            <iq:product id="venu"/>
            <iq:product id="venud"/>
            <iq:product id="venusq"/>
            <iq:product id="venusqm"/>
            <iq:product id="vivoactive3"/>
            <iq:product id="vivoactive3d"/>
            <iq:product id="vivoactive3m"/>
            <iq:product id="vivoactive3mlte"/>
            <iq:product id="vivoactive4"/>
            <iq:product id="vivoactive4s"/>
            <iq:product id="vivolife"/>
        </iq:products>
        <iq:permissions>
            <iq:uses-permission id="Background"/>
            <iq:uses-permission id="Communications"/>
        </iq:permissions>
        <iq:languages/>
    </iq:application>
</iq:manifest>
