<properties>
    <property id="appVersion" type="string">0.1.7</property>
    <property id="nsurl" type="string"></property>
    <property id="offlineUrl" type="string"></property>
    <property id="fetchMode" type="number">3</property>
    <property id="dispChart" type="boolean">true</property>
    <property id="chartBack" type="boolean">false</property>
    <property id="digitalClock" type="boolean">true</property>
    <property id="analogClock" type="boolean">false</property>
    <property id="analogHands" type="number">0</property>
    <property id="hashMarks" type="boolean">false</property>
    <property id="displaySeconds" type="boolean">true</property>
    <property id="dateNotifications" type="boolean">true</property>
    <property id="bgDisplay" type="number">0</property>
    <property id="syncAtSecond" type="number">-1</property>
    <property id="fgColor" type="number">0</property>
    <property id="bgColor" type="number">3</property>
    <property id="hourColor" type="number">10</property>
<!-- <property id="minuteColor" type="number">10</property>  -->
    <property id="auxColor" type="number">0</property>
    <property id="watchBatThresh" type="number">40</property>
<!--
    <property id="loopTimeThresh" type="number">15</property>
    <property id="bgTimeThresh" type="number">15</property>
    -->
    <property id="bgLowThresh" type="number">70</property>
    <property id="bgHighThresh" type="number">240</property>
    <property id="pumpBatThreshPct" type="number">25</property>
    <property id="pumpBatThreshV" type="float">1.25</property>
    <property id="upBatThresh" type="number">25</property>
    <property id="reservoirThresh" type="number">20</property>
    <property id="cageThresh" type="number">72</property>
    <property id="owmAPIKey" type="string"></property>
    <property id="zipCode" type="string"></property>
    <property id="tempUnits" type="number">0</property>
 </properties>
