<strings>
    <string id="AppName">NightscoutData</string>
    <string id="nsurl">Nightscout site URL</string>
    <string id="nsurlPrompt">e.g., https://yoursite.herokuapp.com</string>
    <string id="offlineUrl">Offline (local uploader) URL</string>
    <string id="offlineUrlPrompt">e.g., xdrip, spike, or your-offline-host:your-offline-port</string>
    <string id="bgDisplay">Display mode</string>
    <string id="bgDisplayPrompt">Display mode</string>
    <string id="bgDisplayFull">e.g.: 141 5m -4 Down</string>
    <string id="bgDisplayNoTrend">e.g.: 141 5m -4</string>
    <string id="bgDisplayNoDelta">e.g.: 141 5m Down</string>
    <string id="bgDisplayNoElapsed">e.g.: 141 -4 Down</string>
    <string id="bgDisplayNoTrendDelta">e.g.: 141 5m</string>
    <string id="bgDisplayNoTrendElapsed">e.g.: 141 -4</string>
    <string id="bgDisplayNoDeltaElapsed">e.g.: 141 Down</string>
    <string id="bgDisplayBGOnly">e.g.: 141</string>
    <string id="bgDisplayBGElapsedRaw">e.g.: 141 5m Raw133</string>
    <string id="fitlabel">Title for data field</string>
    <string id="fitlabelPrompt">e.g., Nightscout</string>
    <string id="bg_graph_label">NightscoutData</string>
    <string id="bg_label">bg</string>
    <string id="bg_units">mgdl or mmol</string>
</strings>
