<strings>
    <string id="AppName">NightscoutWatch2</string>
    <string id="nsurl">Online site URL (optional)</string>
    <string id="nsurlPrompt">Nightscout site, Sugarmate External JSON site, or yoursite?token=yourtoken</string>
    <string id="offlineUrl">Offline/local uploader URL (optional)</string>
    <string id="offlineUrlPrompt">Leave blank for xDrip+ and Spike, or your-offline-host:your-offline-port</string>
    <string id="fetchMode">Non-BG data mode</string>
    <string id="fetchModePrompt">Data to be fetched and displayed</string>
    <string id="fetchModeNormal">HR, steps, CA monitor</string>
    <string id="fetchModeNormalMin">Minimal display (time,date,BG,trend,delta only)</string>
    <string id="fetchModeDevice">Pump, loop device data full</string>
    <string id="fetchModeDeviceMin1">Pump, loop, HR, steps</string>
    <string id="fetchModeDeviceMin2">Pump, loop minimal display</string>
    <string id="fetchModeDeviceMin3">Pump, loop minimal display 2</string>
    <string id="dispChart">Display BG graph</string>
    <string id="dispChartPrompt">Enable for chart of BG data</string>
    <string id="chartBack">Chart background</string>
    <string id="chartBackPrompt">Enable to show high/low thresholds on chart</string>
    <string id="digitalClock">Display digital clock</string>
    <string id="digitalClockPrompt">Enable for digital time</string>
    <string id="analogClock">Display analog clock</string>
    <string id="analogClockPrompt">Enable for analog time</string>
    <string id="analogHands">Analog clock hands type</string>
    <string id="analogHandsPrompt">Type of hands for analog clock</string>
    <string id="analogHandsClassic">Classic</string>
    <string id="analogHandsModern">Modern</string>
    <string id="analogHandsWide">Wide</string>
    <string id="analogHandsNarrow">Narrow</string>
    <string id="analogHandsPointers">Pointers</string>
    <string id="analogHandsDots">Floating</string>
    <string id="hashMarks">Display hash marks</string>
    <string id="hashMarksPrompt">Display interval marks around outer edge of screen</string>
    <string id="displaySeconds">Display seconds (digital clock only)</string>
    <string id="displaySecondsPrompt">Seconds will not be available on some devices</string>
    <string id="dateNotifications">Notifications reverse colors of date</string>
    <string id="dateNotificationsPrompt">Date colors reverse when ConnectIQ reports notifications are active</string>
    <string id="syncAtSecond">Seconds past each 5 minutes of time to refresh BG data</string>
    <string id="syncAtSecondPrompt">Set between 0 and 299, -1 for auto-sync</string>
    <string id="bgDisplay">BG display mode</string>
    <string id="bgDisplayPrompt">Customize how your BG is displayed</string>
    <string id="bgDisplayNormal">Normal, use data source units</string>
    <string id="bgDisplaySmall">Normal, but smaller font</string>
    <string id="bgDisplayMGDL">mg/DL</string>
    <string id="bgDisplayMMOL">mmol</string>
    <string id="bgDisplayRoman">Roman numerals (mg/DL)</string>
    <string id="bgDisplayHEX">Hexadecimal (mg/DL)</string>
<!--    <string id="bgDisplayHex">hexadecimal (mg/DL)</string> -->
    <string id="bgDisplaySCIENTIFIC">Scientific notation (mg/DL)</string>
<!--    <string id="bgDisplayScientific">scientific notation (mg/DL)</string> -->
    <string id="bgDisplayZeroPad">Zero-padded (mg/DL)</string>
    <string id="bgDisplayVersion">Watchface version # (no BG)</string>
    <string id="fgColor">Foreground color</string>
    <string id="fgColorPrompt">Customize the color of your watchface</string>
    <string id="fgCOLOR_WHITE">White</string>
    <string id="fgCOLOR_LT_GRAY">Gray</string>
    <string id="fgCOLOR_DK_GRAY">Dark gray</string>
    <string id="fgCOLOR_BLACK">Black</string>
    <string id="fgCOLOR_RED">Red</string>
    <string id="fgCOLOR_DK_RED">Dark red</string>
    <string id="fgCOLOR_ORANGE">Orange</string>
    <string id="fgCOLOR_YELLOW">Yellow</string>
    <string id="fgCOLOR_GREEN">Green</string>
    <string id="fgCOLOR_DK_GREEN">Dark green</string>
    <string id="fgCOLOR_BLUE">Blue</string>
    <string id="fgCOLOR_DK_BLUE">Dark blue</string>
    <string id="fgCOLOR_PURPLE">Purple</string>
    <string id="fgCOLOR_PINK">Pink</string>
    <string id="fgCOLOR_RANDOM">Random</string>
    <string id="bgColor">Background color</string>
    <string id="bgColorPrompt">Customize the color of your watchface</string>
    <string id="hourColor">Clock color</string>
    <string id="hourColorPrompt">Customize the color of your watchface</string>
<!--
    <string id="minuteColor">Minutes color</string>
    <string id="minuteColorPrompt">Customize the color of your watchface</string>
 -->
    <string id="auxColor">Auxiliary information color</string>
    <string id="auxColorPrompt">Customize the color of your watchface</string>
    <string id="watchBatThresh">Watch battery alert threshold (%)</string>
    <string id="watchBatThreshPrompt">Alerts are display only</string>
<!--
    <string id="loopTimeThresh">Time since last loop alert threshold (minutes)</string>
    <string id="loopTimeThreshPrompt">Alerts are display only</string>
    <string id="bgTimeThresh">Time since last BG reading alert threshold (minutes)</string>
    <string id="bgTimeThreshPrompt">Alerts are display only</string>
-->
    <string id="bgLowThresh">BG low alert threshold (mgdl)</string>
    <string id="bgLowThreshPrompt">Alerts are display only</string>
    <string id="bgHighThresh">BG high alert threshold (mgdl)</string>
    <string id="bgHighThreshPrompt">Alerts are display only</string>
    <string id="pumpBatThreshPct">Pump battery alert threshold (%)</string>
    <string id="pumpBatThreshPctPrompt">Alerts are display only</string>
    <string id="pumpBatThreshV">Pump battery alert threshold (volts)</string>
    <string id="pumpBatThreshVPrompt">Alerts are display only</string>
    <string id="upBatThresh">Uploader battery alert threshold (%)</string>
    <string id="upBatThreshPrompt">Alerts are display only</string>
    <string id="reservoirThresh">Reservoir alert threshold (insulin units)</string>
    <string id="reservoirThreshPrompt">Alerts are display only</string>
    <string id="cageThresh">Cannula age alert threshold (hours)</string>
    <string id="cageThreshPrompt">Alerts are display only</string>
    <string id="owmAPIKey">OpenWeatherMap.org API key (optional)</string>
    <string id="owmAPIKeyPrompt">Get a free API key at openweathermap.org for outdoor temperature display</string>
    <string id="zipCode">ZIP code (optional)</string>
    <string id="zipCodePrompt">Postal code[,country code]</string>
    <string id="tempUnits">Temperature units</string>
    <string id="tempUnitsPrompt">For display of outdoor temperature</string>
    <string id="tempUnitsF">Fahrenheit </string>
    <string id="tempUnitsC">Celsius</string>
</strings>
