<resources>
    <string id="AppName">CGMLoop</string>
    <string id="nsurl">Nightscout site URL</string>
    <string id="nsurlPrompt">e.g., https://yoursite.herokuapp.com</string>
    <string id="offlineUrl">Offline (local uploader) URL</string>
    <string id="offlineUrlPrompt">e.g., xdrip, spike, or your-offline-host:your-offline-port</string>
    <string id="dexcomUser">Dexcom share username</string>
    <string id="dexcomUserPrompt">e.g., G5 mobile login name, sharing must be enabled in G5 mobile app.</string>
    <string id="dexcomPass">Dexcom share password</string>
    <string id="dexcomPassPrompt">e.g., G5 mobile login password</string>
    <string id="dexcomServer">Dexcom server location)</string>
    <string id="dexcomServerPrompt">USA server vs outside-USA server</string>
    <string id="dexcomServerUSA">USA</string>
    <string id="dexcomServerOutsideUSA">Outside-USA</string>
    <string id="dataMode">Nightscout data mode</string>
    <string id="dataModePrompt">BG-only, Loop data (can also use for bg/pump/iob/cob), or OpenAPS data</string>
    <string id="dataModeMin">BG-only</string>
    <string id="dataModeLoop">iOS Loop data or BG+pump/iob/cob</string>
    <string id="dataModeOpenAPS">OpenAPS data</string>
    <string id="showSeconds">Show seconds instead of watch battery % - may use battery faster (seconds change color at watch battery 50% and 25% levels)</string>
    <string id="showSecondsPrompt">Show seconds instead of watch battery % - may use battery faster (seconds change color at watch battery 50% and 25% levels)</string>
    <string id="respectDND">Respect watch device Do-Not-Disturb (if supported) to silence CGMLoop vibrations/alarms</string>
    <string id="respectDNDPrompt">Respect watch device Do-Not-Disturb (if supported) to silence CGMLoop vibrations/alarms</string>
    <string id="silenceGesture">Enable watch up/down buttons or touch swipe gestures to silence CGMLoop vibrations/alarms</string>
    <string id="silenceGesturePrompt">Enable watch up/down buttons or touch swipe gestures to silence CGMLoop vibrations/alarms</string>
    <string id="isMGDL">Enable for mg/DL</string>
    <string id="isMGDLPrompt">Enable for mg/DL</string>
    <string id="bgLowWarning">BG low warning level</string>
    <string id="bgLowWarningPrompt">e.g., warn when below 80 mg/DL (or 4.4 mmol)</string>
    <string id="bgHiWarning">BG high warning level</string>
    <string id="bgHiWarningPrompt">e.g., warn when above 180 mg/DL (or 10 mmol)</string>
    <string id="bgLowAlert">BG low alert level</string>
    <string id="bgLowAlertPrompt">e.g., alert when below 70 mg/DL (or 3.9 mmol)</string>
    <string id="bgHiAlert">BG high alert level</string>
    <string id="bgHiAlertPrompt">e.g., alert when above 240 mg/DL (or 13.3 mmol)</string>
    <string id="predictLowWarning">Predicted BG low warning level</string>
    <string id="predictLowWarningPrompt">e.g., warn when below 80 mg/DL (or 4.4 mmol)</string>
    <string id="predictHiWarning">Predicted BG high warning level</string>
    <string id="predictHiWarningPrompt">e.g., warn when above 180 mg/DL (or 10 mmol)</string>
    <string id="predictLowAlert">Predicted BG low alert level</string>
    <string id="predictLowAlertPrompt">e.g., alert when below 70 mg/DL (or 3.9 mmol)</string>
    <string id="predictHiAlert">Predicted BG high alert level</string>
    <string id="predictHiAlertPrompt">e.g., alert when above 240 mg/DL (or 13.3 mmol)</string>
    <string id="elapsedWarning">BG update elapsed time warning</string>
    <string id="elapsedWarningPrompt">e.g., warn when 15 minutes has elapsed without a BG update</string>
    <string id="elapsedAlert">BG update elapsed time alert</string>
    <string id="elapsedAlertPrompt">e.g., alert when 30 minutes has elapsed without a BG update</string>
    <string id="pumpbatWarning">Pump battery % warning level</string>
    <string id="pumpbatWarningPrompt">e.g., warn when pump battery is below 40 percent</string>
    <string id="pumpbatAlert">Pump battery % alert level</string>
    <string id="pumpbatAlertPrompt">e.g., alert when pump battery is below 30 percent</string>
    <string id="pumpbatVWarning">Pump battery voltage warning level</string>
    <string id="pumpbatVWarningPrompt">e.g., warn when pump battery is below 1.25 volts</string>
    <string id="pumpbatVAlert">Pump battery voltage alert level</string>
    <string id="pumpbatVAlertPrompt">e.g., alert when pump battery is below 1.10 volts</string>
    <string id="phonebatWarning">Uploader battery warning level</string>
    <string id="phonebatWarningPrompt">e.g., warn when uploader battery is below 40%</string>
    <string id="phonebatAlert">Uploader battery alert level</string>
    <string id="phonebatAlertPrompt">e.g., alert when uploader battery is below 30%</string>
    <string id="reservoirWarning">Reservoir warning level</string>
    <string id="reservoirWarningPrompt">e.g., warn when pump reservoir is below 40U</string>
    <string id="reservoirAlert">Reservoir alert level</string>
    <string id="reservoirAlertPrompt">e.g., alert when pump reservoir is below 30U</string>
    <string id="cageWarning">Cannula age warning level</string>
    <string id="cageWarningPrompt">e.g., warn when cannula age is above 60 hours</string>
    <string id="cageAlert">Cannula age alert level</string>
    <string id="cageAlertPrompt">e.g., alert when cannula age is above 72 hours)</string>
</resources>
