<!-- This is a generated file. It is highly recommended that you DO NOT edit this file. --><iq:manifest xmlns:iq="http://www.garmin.com/xml/connectiq" version="3">
    <iq:application entry="NightscoutDataApp" id="294b9ccb276b4982964593e19ff2fcfe" launcherIcon="@Drawables.LauncherIcon" minSdkVersion="2.3.0" name="@Strings.AppName" type="datafield" version="0.0.9">
        <iq:products>
            <iq:product id="approachs60"/>
            <iq:product id="d2charlie"/>
            <iq:product id="d2delta"/>
            <iq:product id="d2deltapx"/>
            <iq:product id="d2deltas"/>
            <iq:product id="descentmk1"/>
            <iq:product id="edge1030"/>
            <iq:product id="edge1030bontrager"/>
            <iq:product id="edge130"/>
            <iq:product id="edge520plus"/>
            <iq:product id="edge820"/>
            <iq:product id="edge_1000"/>
            <iq:product id="edge_520"/>
            <iq:product id="edgeexplore"/>
            <iq:product id="fenix5"/>
            <iq:product id="fenix5plus"/>
            <iq:product id="fenix5s"/>
            <iq:product id="fenix5splus"/>
            <iq:product id="fenix5x"/>
            <iq:product id="fenix5xplus"/>
            <iq:product id="fenixchronos"/>
            <iq:product id="fr645"/>
            <iq:product id="fr645m"/>
            <iq:product id="fr735xt"/>
            <iq:product id="fr935"/>
            <iq:product id="gpsmap66"/>
            <iq:product id="oregon7xx"/>
            <iq:product id="rino7xx"/>
            <iq:product id="vivoactive3"/>
            <iq:product id="vivoactive3m"/>
            <iq:product id="vivoactive_hr"/>
        </iq:products>
        <iq:permissions>
            <iq:uses-permission id="Background"/>
            <iq:uses-permission id="Communications"/>
            <iq:uses-permission id="FitContributor"/>
        </iq:permissions>
        <iq:languages/>
        <iq:barrels/>
    </iq:application>
</iq:manifest>
